X,Y,LATITUDE,LONGITUDE,fid,barriere,druecker,elem_nr,gis_id,hmas,mas,MODEL,SCALE_X,SCALE_Y,SCALE_Z,HubDist,BEARING
392539.574095700,5820871.294899440,52.52733206,13.41594277,s_Mast_LSA.3715,2,1,47550005_47560034.01,Pk_2015-04-30_2064,811.0,1,/Assets/City Props Bundle/PREFABS/traffic_light_01_v2.prefab,30.48,30.48,30.48,5.920629154705417,207.4978
392553.615995705,5820838.875999440,52.52704349,13.41616016,s_Mast_LSA.11519,,2,47550005_47550037.01,PK_04082014_06297,0.0,,/Assets/City Props Bundle/PREFABS/traffic_light_01_v2.prefab,30.48,30.48,30.48,8.280390003265861,127.4904
392544.605995702,5820825.554999434,52.52692200,13.41603171,s_Mast_LSA.11512,,2,47550005_47550037.01,PK_04082014_06300,0.0,,/Assets/City Props Bundle/PREFABS/traffic_light_01_v2.prefab,30.48,30.48,30.48,7.777213486469891,-52.8345
392485.850995685,5820829.378999439,52.52694477,13.41516474,s_Mast_LSA.11499,,2,47550006_47550005.01,PK_04082014_00737,0.0,,/Assets/City Props Bundle/PREFABS/traffic_light_01_v2.prefab,30.48,30.48,30.48,9.916017454439078,-42.5189
390751.825995172,5821407.105999416,52.53179163,13.38942490,s_Mast_LSA.11704,,2,45560039_45560011.01,PK_02102014_05003,0.0,,/Assets/City Props Bundle/PREFABS/traffic_light_01_v2.prefab,30.48,30.48,30.48,8.844199569979580,83.5226
390754.213995172,5821412.434999419,52.53184000,13.38945834,s_Mast_LSA.11705,,1,45560039_45560011.01,PK_02102014_05002,0.0,,/Assets/City Props Bundle/PREFABS/traffic_light_01_v2.prefab,30.48,30.48,30.48,7.705227487125151,-37.9339
390786.336995183,5821392.484999417,52.53166716,13.38993826,s_Mast_LSA.11698,,2,45560011_45560012.01,PK_02102014_05066,0.0,,/Assets/City Props Bundle/PREFABS/traffic_light_01_v2.prefab,30.48,30.48,30.48,6.068296711147709,143.3315
392751.586195757,5821250.285499441,52.53077971,13.41894438,s_Mast_LSA.3656,1,2,47560030_47560009.02,Pk_2015-04-30_2005,981.0,3,/Assets/City Props Bundle/PREFABS/traffic_light_01_v2.prefab,30.48,30.48,30.48,6.647413966998930,27.211
392735.939095753,5821227.850799440,52.53057502,13.41872105,s_Mast_LSA.10116,1,2,47560034_47560030.01,Pk_2015-05-02_8514,576.0,3,/Assets/City Props Bundle/PREFABS/traffic_light_01_v2.prefab,30.48,30.48,30.48,3.639071017711725,-67.0633
392764.335895761,5821216.800699441,52.53048131,13.41914307,s_Mast_LSA.9983,1,2,47560034_47560030.01,Pk_2015-04-28_8376,704.0,2,/Assets/City Props Bundle/PREFABS/traffic_light_01_v2.prefab,30.48,30.48,30.48,4.709209609452460,207.655
393319.894495911,5821320.615099448,52.53152334,13.42729636,s_Mast_LSA.6036,1,2,48560028_48560029.01,Pk_2015-04-26_4408,728.0,2,/Assets/City Props Bundle/PREFABS/traffic_light_01_v2.prefab,30.48,30.48,30.48,5.427373561451141,38.466
393344.440695918,5821293.144499448,52.53128127,13.42766689,s_Mast_LSA.5728,1,2,48560028_48560029.01,Pk_2015-05-02_4099,733.0,2,/Assets/City Props Bundle/PREFABS/traffic_light_01_v2.prefab,30.48,30.48,30.48,5.014448719068582,215.6483
390958.427995238,5820993.738999420,52.52811826,13.39260506,s_Mast_LSA.11238,,1,45550040_45560019.02,PK_31072014_07463,0.0,,/Assets/City Props Bundle/PREFABS/traffic_light_01_v2.prefab,30.48,30.48,30.48,7.129559061079250,161.3997
390957.196995237,5821019.310999421,52.52834782,13.39257853,s_Mast_LSA.11239,,1,45560019_46560013.01,PK_31072014_03512,0.0,,/Assets/City Props Bundle/PREFABS/traffic_light_01_v2.prefab,30.48,30.48,30.48,8.799622437344283,72.3466
390936.773995231,5820994.119999420,52.52811735,13.39228587,s_Mast_LSA.11243,,1,45550015_45560019.02,PK_31072014_03808,0.0,,/Assets/City Props Bundle/PREFABS/traffic_light_01_v2.prefab,30.48,30.48,30.48,9.207629837668057,253.8006
391284.540995336,5821118.927999425,52.52930846,13.39736933,s_Mast_LSA.11556,,2,46560007_46560004.01,PK_04082014_01664,0.0,,/Assets/City Props Bundle/PREFABS/traffic_light_01_v2.prefab,30.48,30.48,30.48,7.607684101895386,249.8088
391305.528995342,5821141.857999423,52.52951871,13.39767109,s_Mast_LSA.11554,,2,46560004_46560010.01,PK_04082014_01546,0.0,,/Assets/City Props Bundle/PREFABS/traffic_light_01_v2.prefab,30.48,30.48,30.48,9.332907502452663,85.2938
391305.509995342,5821120.370999421,52.52932561,13.39767784,s_Mast_LSA.11561,,2,46560004_46560005.01,PK_04082014_00029,0.0,,/Assets/City Props Bundle/PREFABS/traffic_light_01_v2.prefab,30.48,30.48,30.48,6.835530692296717,178.0199
391289.445995338,5821141.619999424,52.52951337,13.39743418,s_Mast_LSA.11559,,2,46560007_46560004.01,PK_04082014_01663,0.0,,/Assets/City Props Bundle/PREFABS/traffic_light_01_v2.prefab,30.48,30.48,30.48,5.361039954156904,-17.7644
391537.824995411,5821139.306999427,52.52954209,13.40109488,s_Mast_LSA.11553,,2,46560004_46560010.01,PK_04082014_01547,0.0,,/Assets/City Props Bundle/PREFABS/traffic_light_01_v2.prefab,30.48,30.48,30.48,5.634108251583550,265.0479
391579.990995423,5821162.757999424,52.52976122,13.40170856,s_Mast_LSA.11546,,2,46560010_46560025.01,PK_04082014_01294,0.0,,/Assets/City Props Bundle/PREFABS/traffic_light_01_v2.prefab,30.48,30.48,30.48,6.147387527990018,263.5725
391536.833995410,5821168.964999424,52.52980841,13.40107060,s_Mast_LSA.11690,,2,46560009_46560010.01,PK_02102014_02990,0.0,,/Assets/City Props Bundle/PREFABS/traffic_light_01_v2.prefab,30.48,30.48,30.48,10.131067620086100,-20.3033
392101.141995575,5821021.721999432,52.52859725,13.40943377,s_Mast_LSA.11588,,2,47550018_47560001.02,PK_04082014_02449,0.0,,/Assets/City Props Bundle/PREFABS/traffic_light_01_v2.prefab,30.48,30.48,30.48,7.731353857700801,210.6426
392071.369995567,5821048.879999436,52.52883541,13.40898625,s_Mast_LSA.11593,,2,47560002_47560001.02,PK_04082014_01886,0.0,,/Assets/City Props Bundle/PREFABS/traffic_light_01_v2.prefab,30.48,30.48,30.48,4.875899894317503,107.5429
392153.977995591,5821029.073999433,52.52867378,13.41020993,s_Mast_LSA.11508,,2,47560041_47550007.01,PK_04082014_02095,0.0,,/Assets/City Props Bundle/PREFABS/traffic_light_01_v2.prefab,30.48,30.48,30.48,5.010257365588781,-72.5903
392158.570995592,5821002.214999433,52.52843331,13.41028632,s_Mast_LSA.11501,,2,47550045_47560041.02,PK_04082014_09657,0.0,,/Assets/City Props Bundle/PREFABS/traffic_light_01_v2.prefab,30.48,30.48,30.48,4.394351868174369,165.2024
392133.235995584,5821015.252999434,52.52854547,13.40990878,s_Mast_LSA.11505,,1,47560001_47560041.01,PK_04082014_01912,0.0,,/Assets/City Props Bundle/PREFABS/traffic_light_01_v2.prefab,30.48,30.48,30.48,5.410278177798798,-18.7956
392105.901995577,5821024.237999435,52.52862080,13.40950309,s_Mast_LSA.11587,,1,47560001_47560041.01,PK_04082014_01910,0.0,,/Assets/City Props Bundle/PREFABS/traffic_light_01_v2.prefab,30.48,30.48,30.48,7.257057688916782,-68.23
392614.979895720,5821023.380599439,52.52871367,13.41700471,s_Mast_LSA.3653,1,2,47560034_47560030.01,Pk_2015-04-30_2002,1007.0,1,/Assets/City Props Bundle/PREFABS/traffic_light_01_v2.prefab,30.48,30.48,30.48,6.878535469214956,31.2004
392643.527095728,5821007.896699441,52.52858015,13.41743036,s_Mast_LSA.4313,1,2,47560034_47560030.01,Pk_2015-04-28_2678,314.0,1,/Assets/City Props Bundle/PREFABS/traffic_light_01_v2.prefab,30.48,30.48,30.48,8.675848097826647,209.7971
392623.161595723,5820980.250399440,52.52832769,13.41713920,s_Mast_LSA.9984,1,2,47550005_47560034.01,Pk_2015-05-02_8377,990.0,3,/Assets/City Props Bundle/PREFABS/traffic_light_01_v2.prefab,30.48,30.48,30.48,4.558158565717437,206.2406
390591.552995126,5820881.667999415,52.52703758,13.38723614,s_Mast_LSA.11249,,2,45550001_45550011.01,PK_31072014_02828,0.0,,/Assets/City Props Bundle/PREFABS/traffic_light_01_v2.prefab,30.48,30.48,30.48,3.100851329993211,187.9657
390601.619995129,5820889.266999413,52.52710789,13.38738197,s_Mast_LSA.11247,,2,45550001_45550016.01,PK_31072014_03729,0.0,,/Assets/City Props Bundle/PREFABS/traffic_light_01_v2.prefab,30.48,30.48,30.48,8.968400290260135,257.5262
390564.139995117,5820904.371999413,52.52723610,13.38682475,s_Mast_LSA.11256,,2,45560006_45550001.01,PK_31072014_01351,0.0,,/Assets/City Props Bundle/PREFABS/traffic_light_01_v2.prefab,30.48,30.48,30.48,5.235690141466785,-22.1656
390569.078995119,5820882.169999412,52.52703757,13.38690483,s_Mast_LSA.11250,,2,45550035_45550001.01,PK_31072014_04577,0.0,,/Assets/City Props Bundle/PREFABS/traffic_light_01_v2.prefab,30.48,30.48,30.48,8.547135492274858,-17.0366
390579.095995122,5820817.609999415,52.52645941,13.38707369,s_Mast_LSA.11252,,1,45550001_45550011.01,PK_31072014_02826,0.0,,/Assets/City Props Bundle/PREFABS/traffic_light_01_v2.prefab,30.48,30.48,30.48,3.940045763868215,-5.7178
390616.258995134,5820797.657999413,52.52628757,13.38762782,s_Mast_LSA.11232,,2,45550011_45550043.01,PK_31072014_05709,0.0,,/Assets/City Props Bundle/PREFABS/traffic_light_01_v2.prefab,30.48,30.48,30.48,2.712179928089961,-68.628
390604.062995130,5820763.736999414,52.52598029,13.38745929,s_Mast_LSA.11226,,2,45550011_45550010.01,PK_31072014_02729,0.0,,/Assets/City Props Bundle/PREFABS/traffic_light_01_v2.prefab,30.48,30.48,30.48,2.787636961407558,172.7366
390757.365995177,5820956.972999416,52.52774758,13.38965454,s_Mast_LSA.11246,,2,45550016_45550015.01,PK_31072014_03594,0.0,,/Assets/City Props Bundle/PREFABS/traffic_light_01_v2.prefab,30.48,30.48,30.48,9.419628998241139,71.0832
390762.934995177,5820939.702999415,52.52759350,13.38974228,s_Mast_LSA.11244,,2,45550016_45550015.01,PK_31072014_03596,0.0,,/Assets/City Props Bundle/PREFABS/traffic_light_01_v2.prefab,30.48,30.48,30.48,8.727333920047220,251.2529
393073.848495847,5820989.998199444,52.52850393,13.42377698,s_Mast_LSA.6029,1,2,48550061_48560027.01,Pk_2015-05-02_4401,644.0,2,/Assets/City Props Bundle/PREFABS/traffic_light_01_v2.prefab,30.48,30.48,30.48,9.092756389505089,35.0257
393078.702795848,5820929.270799446,52.52795914,13.42386805,s_Mast_LSA.4516,1,2,47550056_48550061.01,Pk_2015-04-26_2881,633.0,2,/Assets/City Props Bundle/PREFABS/traffic_light_01_v2.prefab,30.48,30.48,30.48,10.981160621771405,215.7077
393062.317095843,5820937.391999444,52.52802891,13.42362399,s_Mast_LSA.9587,1,2,47550056_48550061.01,Pk_2015-05-02_7955,636.0,2,/Assets/City Props Bundle/PREFABS/traffic_light_01_v2.prefab,30.48,30.48,30.48,7.111988215847990,33.8845
393039.290195837,5820956.263499444,52.52819398,13.42327862,s_Mast_LSA.4305,1,2,47560034_48550061.01,Pk_2015-05-02_2670,640.0,2,/Assets/City Props Bundle/PREFABS/traffic_light_01_v2.prefab,30.48,30.48,30.48,8.918872778104271,-66.3523
393097.508795853,5820947.471699443,52.52812640,13.42413930,s_Mast_LSA.4307,1,2,48550061_48550064.01,Pk_2015-05-02_2672,642.0,2,/Assets/City Props Bundle/PREFABS/traffic_light_01_v2.prefab,30.48,30.48,30.48,5.689836084119763,105.3639
393107.097695856,5820961.310299446,52.52825264,13.42427614,s_Mast_LSA.4306,1,2,48550061_48550064.01,Pk_2015-05-02_2671,641.0,2,/Assets/City Props Bundle/PREFABS/traffic_light_01_v2.prefab,30.48,30.48,30.48,8.898344658475818,111.1962
393087.870095850,5820981.401799444,52.52842943,13.42398636,s_Mast_LSA.6030,1,2,48550061_48560027.01,Pk_2015-04-26_4402,641.0,2,/Assets/City Props Bundle/PREFABS/traffic_light_01_v2.prefab,30.48,30.48,30.48,7.307823717945046,219.0678
393142.693895866,5820927.966999445,52.52795998,13.42481138,s_Mast_LSA.4309,1,2,48550061_48550064.01,Pk_2015-05-02_2674,978.0,3,/Assets/City Props Bundle/PREFABS/traffic_light_01_v2.prefab,30.48,30.48,30.48,7.501072553003798,259.4982
393175.370295874,5820944.339799445,52.52811352,13.42528760,s_Mast_LSA.4263,1,2,48550064_48550062.02,Pk_2015-05-02_2628,1000.0,1,/Assets/City Props Bundle/PREFABS/traffic_light_01_v2.prefab,30.48,30.48,30.48,6.772064699526815,222.2064
393158.323295870,5820932.088899447,52.52800009,13.42504035,s_Mast_LSA.1504,1,2,48550064_48550018.01,Pk_13.04.2015_1504,420.0,3,/Assets/City Props Bundle/PREFABS/traffic_light_01_v2.prefab,30.48,30.48,30.48,0.515963146559730,-26.5333
393141.266195865,5820939.308699446,52.52806162,13.42478669,s_Mast_LSA.4262,2,1,48550061_48550064.01,Pk_2015-05-02_2627,321.0,1,/Assets/City Props Bundle/PREFABS/traffic_light_01_v2.prefab,30.48,30.48,30.48,3.901518568927232,80.2898
390952.505995238,5820641.537999420,52.52495198,13.39263338,s_Mast_LSA.11234,,2,45550028_45550045.01,PK_31072014_05611,0.0,,/Assets/City Props Bundle/PREFABS/traffic_light_01_v2.prefab,30.48,30.48,30.48,9.599227071015701,-67.7139
390970.523995244,5820630.467999418,52.52485611,13.39290248,s_Mast_LSA.11564,,1,45550036_45550045.01,PK_04082014_07455,0.0,,/Assets/City Props Bundle/PREFABS/traffic_light_01_v2.prefab,30.48,30.48,30.48,5.549787256445951,200.2586
390967.088995242,5820659.637999421,52.52511756,13.39284230,s_Mast_LSA.11237,,1,45550045_46550032.01,PK_31072014_07341,0.0,,/Assets/City Props Bundle/PREFABS/traffic_light_01_v2.prefab,30.48,30.48,30.48,7.549995604954416,18.9552
391693.922995459,5820767.198999428,52.52622913,13.40351633,s_Mast_LSA.11550,,1,46550063_46550042.01,PK_04082014_07954,0.0,,/Assets/City Props Bundle/PREFABS/traffic_light_01_v2.prefab,30.48,30.48,30.48,7.429483004312281,-10.641
391712.356995464,5820730.739999428,52.52590515,13.40379982,s_Mast_LSA.11577,,1,46550042_46550064.01,PK_04082014_08097,0.0,,/Assets/City Props Bundle/PREFABS/traffic_light_01_v2.prefab,30.48,30.48,30.48,7.170817676147365,180.807
391866.043995510,5820619.721999430,52.52493799,13.40610039,s_Mast_LSA.11580,,1,46550042_46550026.01,PK_04082014_08937,0.0,,/Assets/City Props Bundle/PREFABS/traffic_light_01_v2.prefab,30.48,30.48,30.48,5.217573313495182,-53.3673
391897.811995519,5820626.387999430,52.52500420,13.40656629,s_Mast_LSA.11573,,1,46550026_46550025.01,PK_04082014_02411,0.0,,/Assets/City Props Bundle/PREFABS/traffic_light_01_v2.prefab,30.48,30.48,30.48,8.048997645005542,100.2035
391873.255995512,5820608.215999431,52.52483602,13.40621040,s_Mast_LSA.11575,,2,46550062_46550026.02,PK_04082014_07019,0.0,,/Assets/City Props Bundle/PREFABS/traffic_light_01_v2.prefab,30.48,30.48,30.48,5.865180041787548,247.0086
392386.384995659,5820626.887999438,52.52510541,13.41376472,s_Mast_LSA.11480,,2,47550032_47550041.01,PK_04082014_05141,0.0,,/Assets/City Props Bundle/PREFABS/traffic_light_01_v2.prefab,30.48,30.48,30.48,8.522402914851266,216.989
392359.902995651,5820647.344999440,52.52528402,13.41336791,s_Mast_LSA.11478,,2,47550032_47550041.01,PK_04082014_05143,0.0,,/Assets/City Props Bundle/PREFABS/traffic_light_01_v2.prefab,30.48,30.48,30.48,6.237317771804345,39.1991
392410.823995665,5820710.831999435,52.52586461,13.41409763,s_Mast_LSA.11477,,2,47550032_47550041.01,PK_04082014_05144,0.0,,/Assets/City Props Bundle/PREFABS/traffic_light_01_v2.prefab,30.48,30.48,30.48,5.773989208111648,36.3237
392435.334995672,5820691.472999436,52.52569548,13.41446505,s_Mast_LSA.11481,,2,47550032_47550041.01,PK_04082014_05140,0.0,,/Assets/City Props Bundle/PREFABS/traffic_light_01_v2.prefab,30.48,30.48,30.48,7.363272472446602,217.1916
392607.468995720,5820729.249999440,52.52606893,13.41698909,s_Mast_LSA.11491,,2,47550005_47550037.01,PK_04082014_06303,0.0,,/Assets/City Props Bundle/PREFABS/traffic_light_01_v2.prefab,30.48,30.48,30.48,6.828354721383939,-57.8795
392632.994995727,5820758.697999441,52.52633860,13.41735568,s_Mast_LSA.11513,,2,47550005_47550037.01,PK_04082014_06299,0.0,,/Assets/City Props Bundle/PREFABS/traffic_light_01_v2.prefab,30.48,30.48,30.48,8.674616505504263,-52.5827
392643.357995730,5820772.096999440,52.52646105,13.41750405,s_Mast_LSA.11521,,2,47550005_47550037.01,PK_04082014_06295,0.0,,/Assets/City Props Bundle/PREFABS/traffic_light_01_v2.prefab,30.48,30.48,30.48,8.262727648827457,125.9222
392796.196295773,5820665.401999443,52.52553231,13.41979045,s_Mast_LSA.9659,1,2,47550049_47550055.02,Pk_2015-05-02_8028,737.0,2,/Assets/City Props Bundle/PREFABS/traffic_light_01_v2.prefab,30.48,30.48,30.48,10.210861173543977,34.3496
392842.092995786,5820632.855999443,52.52524885,13.42047720,s_Mast_LSA.11414,,2,47550004_47550024.01,PK_16072014_05743,0.0,,/Assets/City Props Bundle/PREFABS/traffic_light_01_v2.prefab,30.48,30.48,30.48,10.571179199765531,219.9718
392829.608995782,5820615.136999442,52.52508716,13.42029897,s_Mast_LSA.11410,,2,47550004_47550024.01,PK_16072014_05747,0.0,,/Assets/City Props Bundle/PREFABS/traffic_light_01_v2.prefab,30.48,30.48,30.48,9.879220262143168,-55.3818
392806.956995777,5820590.376999443,52.52486019,13.41997320,s_Mast_LSA.11393,,2,47550003_47550004.01,PK_16072014_00117,0.0,,/Assets/City Props Bundle/PREFABS/traffic_light_01_v2.prefab,30.48,30.48,30.48,9.045908200730144,214.0936
392792.858995772,5820599.934999443,52.52494332,13.41976240,s_Mast_LSA.11392,,2,47550003_47550004.01,PK_16072014_00118,0.0,,/Assets/City Props Bundle/PREFABS/traffic_light_01_v2.prefab,30.48,30.48,30.48,7.986682550901122,34.184
392765.962995765,5820622.283999442,52.52513887,13.41935891,s_Mast_LSA.11525,,2,47550049_47550004.01,PK_04082014_06428,0.0,,/Assets/City Props Bundle/PREFABS/traffic_light_01_v2.prefab,30.48,30.48,30.48,10.411308324396879,34.4264
392776.960995768,5820639.289999441,52.52529386,13.41951546,s_Mast_LSA.11524,,2,47550049_47550004.01,PK_04082014_06429,0.0,,/Assets/City Props Bundle/PREFABS/traffic_light_01_v2.prefab,30.48,30.48,30.48,8.926995755316145,125.8205
392819.706995780,5820600.850999441,52.52495683,13.42015768,s_Mast_LSA.11411,,2,47550004_47550024.01,PK_16072014_05746,0.0,,/Assets/City Props Bundle/PREFABS/traffic_light_01_v2.prefab,30.48,30.48,30.48,4.161791318257791,126.1221
390625.113995139,5820511.080999415,52.52371400,13.38785261,s_Mast_LSA.11218,,2,45550008_45550006.01,PK_31072014_02527,0.0,,/Assets/City Props Bundle/PREFABS/traffic_light_01_v2.prefab,30.48,30.48,30.48,5.882850226406648,177.2018
390598.974995130,5820534.551999415,52.52391968,13.38745977,s_Mast_LSA.11220,,2,45550048_45550008.01,PK_31072014_06013,0.0,,/Assets/City Props Bundle/PREFABS/traffic_light_01_v2.prefab,30.48,30.48,30.48,6.428450979712076,-6.559
390601.035995131,5820544.435999416,52.52400891,13.38748688,s_Mast_LSA.11222,,2,45550009_45550008.01,PK_31072014_02592,0.0,,/Assets/City Props Bundle/PREFABS/traffic_light_01_v2.prefab,30.48,30.48,30.48,3.293092126499698,-4.1919
391553.067995420,5820465.229999427,52.52348743,13.40153947,s_Mast_LSA.11532,,1,46550048_46550049.02,PK_04082014_03621,0.0,,/Assets/City Props Bundle/PREFABS/traffic_light_01_v2.prefab,30.48,30.48,30.48,3.181938955746862,238.6276
391633.970995443,5820467.918999426,52.52352769,13.40273057,s_Mast_LSA.11529,,2,46550031_46550030.01,PK_04082014_02516,0.0,,/Assets/City Props Bundle/PREFABS/traffic_light_01_v2.prefab,30.48,30.48,30.48,3.288251329438121,129.93
391626.937995441,5820488.591999428,52.52371207,13.40262021,s_Mast_LSA.11423,,1,46550062_46550031.01,PK_25022015_09823,0.0,,/Assets/City Props Bundle/PREFABS/traffic_light_01_v2.prefab,30.48,30.48,30.48,2.038261955551152,196.9111
391611.191995436,5820498.527999429,52.52379823,13.40238497,s_Mast_LSA.11535,,1,46550062_46550031.01,PK_04082014_08245,0.0,,/Assets/City Props Bundle/PREFABS/traffic_light_01_v2.prefab,30.48,30.48,30.48,2.509125200787368,42.706
392086.419032916,5820511.103132706,52.52400556,13.40938264,s_Mast_LSA.11424,,2,47550014_47550048.01,PK_04082014_06744,0.0,,/Assets/City Props Bundle/PREFABS/traffic_light_01_v2.prefab,30.48,30.48,30.48,1.505846658635231,-76.691
392102.805995579,5820493.385999430,52.52384959,13.40962983,s_Mast_LSA.11566,,1,47550028_47550048.01,PK_04082014_09319,0.0,,/Assets/City Props Bundle/PREFABS/traffic_light_01_v2.prefab,30.48,30.48,30.48,5.631137200125868,204.9134
392117.801995583,5820518.571999433,52.52407889,13.40984260,s_Mast_LSA.11570,,1,47550048_47550010.01,PK_04082014_06113,0.0,,/Assets/City Props Bundle/PREFABS/traffic_light_01_v2.prefab,30.48,30.48,30.48,4.031521817846174,98.0129
392102.667995579,5820527.490999436,52.52415605,13.40961672,s_Mast_LSA.11567,,1,47550048_47550034.01,PK_04082014_09418,0.0,,/Assets/City Props Bundle/PREFABS/traffic_light_01_v2.prefab,30.48,30.48,30.48,8.254745113163555,26.6027
392220.166995613,5820490.633999433,52.52384808,13.41135986,s_Mast_LSA.11476,,2,47550048_47550010.01,PK_04082014_06116,0.0,,/Assets/City Props Bundle/PREFABS/traffic_light_01_v2.prefab,30.48,30.48,30.48,6.261664772009722,-85.8793
392308.079995637,5820514.258999435,52.52407777,13.41264748,s_Mast_LSA.11465,,1,47550010_47550032.01,PK_04082014_05029,0.0,,/Assets/City Props Bundle/PREFABS/traffic_light_01_v2.prefab,30.48,30.48,30.48,10.876138609946873,127.7237
392295.845995634,5820503.639999435,52.52397993,13.41247067,s_Mast_LSA.11370,,2,47550010_47550011.01,PK_16072014_01736,0.0,,/Assets/City Props Bundle/PREFABS/traffic_light_01_v2.prefab,30.48,30.48,30.48,4.988384969190618,-57.7495
392280.594995629,5820528.968999437,52.52420454,13.41223775,s_Mast_LSA.11460,,2,47550010_47550032.01,PK_04082014_05031,0.0,,/Assets/City Props Bundle/PREFABS/traffic_light_01_v2.prefab,30.48,30.48,30.48,6.467910094100973,217.1303
392266.986995626,5820477.318999437,52.52373768,13.41205400,s_Mast_LSA.11461,,2,47550027_47550010.01,PK_04082014_04919,0.0,,/Assets/City Props Bundle/PREFABS/traffic_light_01_v2.prefab,30.48,30.48,30.48,5.981023070672236,222.2624
392385.842995660,5820432.190999435,52.52335562,13.41381978,s_Mast_LSA.11372,,2,47550010_47550011.01,PK_16072014_01734,0.0,,/Assets/City Props Bundle/PREFABS/traffic_light_01_v2.prefab,30.48,30.48,30.48,5.001470040643802,-52.8976
392379.404995658,5820424.327999437,52.52328368,13.41372747,s_Mast_LSA.11384,,2,47550010_47550011.01,PK_16072014_01730,0.0,,/Assets/City Props Bundle/PREFABS/traffic_light_01_v2.prefab,30.48,30.48,30.48,5.913888711660983,128.8508
392730.330995755,5820536.665999440,52.52436243,13.41886154,s_Mast_LSA.11389,,1,47550003_47550004.01,PK_16072014_00121,0.0,,/Assets/City Props Bundle/PREFABS/traffic_light_01_v2.prefab,30.48,30.48,30.48,7.613539170332951,214.0202
393069.221995849,5820452.363999445,52.52367144,13.42388180,s_Mast_LSA.11419,,2,47550024_48550008.01,PK_16072014_05834,0.0,,/Assets/City Props Bundle/PREFABS/traffic_light_01_v2.prefab,30.48,30.48,30.48,4.472398856558580,118.8191
393072.797995850,5820461.309999445,52.52375253,13.42393161,s_Mast_LSA.11417,,2,47550024_48550008.01,PK_16072014_05836,0.0,,/Assets/City Props Bundle/PREFABS/traffic_light_01_v2.prefab,30.48,30.48,30.48,4.252167206067301,-61.7513
393445.394395950,5820370.595599450,52.52301029,13.42945039,s_Mast_LSA.1428,1,2,48550009_48550035.02,Pk_01.10.2015_1428,550.0,2,/Assets/City Props Bundle/PREFABS/traffic_light_01_v2.prefab,30.48,30.48,30.48,8.678315778331058,269.7959
393452.775695952,5820412.036599449,52.52338416,13.42954585,s_Mast_LSA.1507,1,2,48550009_48550035.02,Pk_13.04.2015_1507,635.0,2,/Assets/City Props Bundle/PREFABS/traffic_light_01_v2.prefab,30.48,30.48,30.48,10.155265291549012,6.7585
391636.645995445,5820237.100999427,52.52145393,13.40284523,s_Mast_LSA.11449,,2,46550007_46550008.01,PK_04082014_00440,0.0,,/Assets/City Props Bundle/PREFABS/traffic_light_01_v2.prefab,30.48,30.48,30.48,2.385373481791591,158.036
391656.649995452,5820224.233999426,52.52134228,13.40314413,s_Mast_LSA.11426,,2,46550008_46550017.01,PK_04082014_08406,0.0,,/Assets/City Props Bundle/PREFABS/traffic_light_01_v2.prefab,30.48,30.48,30.48,5.741560689542021,-37.3299
391631.205995444,5820219.361999427,52.52129344,13.40277087,s_Mast_LSA.11448,,2,46550007_46550008.01,PK_04082014_00441,0.0,,/Assets/City Props Bundle/PREFABS/traffic_light_01_v2.prefab,30.48,30.48,30.48,4.685447475945240,242.9685
391663.992995453,5820248.333999429,52.52156032,13.40324446,s_Mast_LSA.11454,,2,46550008_46550009.01,PK_04082014_00524,0.0,,/Assets/City Props Bundle/PREFABS/traffic_light_01_v2.prefab,30.48,30.48,30.48,6.844036493162401,62.1368
392071.151995571,5820297.379999435,52.52208187,13.40922710,s_Mast_LSA.11443,,1,46550057_47550029.01,PK_04082014_04675,0.0,,/Assets/City Props Bundle/PREFABS/traffic_light_01_v2.prefab,30.48,30.48,30.48,7.419270536230454,230.2993
392063.230995568,5820329.548999432,52.52236940,13.40909996,s_Mast_LSA.11428,,2,46550057_47550029.01,PK_04082014_04680,0.0,,/Assets/City Props Bundle/PREFABS/traffic_light_01_v2.prefab,30.48,30.48,30.48,7.039832263725469,50.5438
392108.812995582,5820366.787999433,52.52271308,13.40975943,s_Mast_LSA.11456,,2,47550027_47550010.01,PK_04082014_04923,0.0,,/Assets/City Props Bundle/PREFABS/traffic_light_01_v2.prefab,30.48,30.48,30.48,7.399563715364124,48.7043
392126.749995587,5820341.229999435,52.52248695,13.41003199,s_Mast_LSA.11260,,2,47550027_47550010.01,PK_26022015_08397,0.0,,/Assets/City Props Bundle/PREFABS/traffic_light_01_v2.prefab,30.48,30.48,30.48,6.113305149887780,233.7163
392147.206995593,5820351.860999434,52.52258653,13.41032994,s_Mast_LSA.11262,,2,47550027_47550059.01,PK_16072014_03247,0.0,,/Assets/City Props Bundle/PREFABS/traffic_light_01_v2.prefab,30.48,30.48,30.48,9.990440870846973,147.8676
392487.759995688,5820350.780999437,52.52264413,13.41534769,s_Mast_LSA.11374,,1,47550011_47550001.02,PK_16072014_02306,0.0,,/Assets/City Props Bundle/PREFABS/traffic_light_01_v2.prefab,30.48,30.48,30.48,4.806775095103028,-51.944
392565.133995710,5820249.168999436,52.52174623,13.41652050,s_Mast_LSA.11347,,2,47550012_47550001.01,PK_16072014_02228,0.0,,/Assets/City Props Bundle/PREFABS/traffic_light_01_v2.prefab,30.48,30.48,30.48,7.997700368285903,214.6331
392548.976995706,5820260.115999439,52.52184142,13.41627892,s_Mast_LSA.11348,,2,47550012_47550001.01,PK_16072014_02227,0.0,,/Assets/City Props Bundle/PREFABS/traffic_light_01_v2.prefab,30.48,30.48,30.48,11.519131885937535,33.7623
392533.339995702,5820281.523999439,52.52203072,13.41604162,s_Mast_LSA.11377,,2,47550011_47550001.02,PK_16072014_02303,0.0,,/Assets/City Props Bundle/PREFABS/traffic_light_01_v2.prefab,30.48,30.48,30.48,9.601501594190397,-51.1988
392542.603995705,5820294.584999439,52.52214993,13.41617389,s_Mast_LSA.11387,,2,47550011_47550001.02,PK_16072014_02297,0.0,,/Assets/City Props Bundle/PREFABS/traffic_light_01_v2.prefab,30.48,30.48,30.48,6.395750057964006,128.3505
392563.119995711,5820316.953999439,52.52235499,13.41646892,s_Mast_LSA.11360,,2,47550002_47550057.01,PK_16072014_00398,0.0,,/Assets/City Props Bundle/PREFABS/traffic_light_01_v2.prefab,30.48,30.48,30.48,7.879855587630726,34.5219
392574.493995713,5820308.854999439,52.52228445,13.41663911,s_Mast_LSA.11361,,2,47550002_47550057.01,PK_16072014_00397,0.0,,/Assets/City Props Bundle/PREFABS/traffic_light_01_v2.prefab,30.48,30.48,30.48,6.081556470474030,213.7885
392596.486995719,5820284.640999441,52.52207118,13.41697096,s_Mast_LSA.11398,,2,47550001_47550035.02,PK_16072014_05124,0.0,,/Assets/City Props Bundle/PREFABS/traffic_light_01_v2.prefab,30.48,30.48,30.48,10.685743654921220,118.1002
392586.179995717,5820269.291999440,52.52193122,13.41682406,s_Mast_LSA.11399,,2,47550001_47550035.02,PK_16072014_05123,0.0,,/Assets/City Props Bundle/PREFABS/traffic_light_01_v2.prefab,30.48,30.48,30.48,7.736499529857571,-57.1298
390659.977995152,5820067.321999417,52.51973311,13.38851224,s_Mast_LSA.10240,,2,45550004_45540004.01,PK_16012014_01221,0.0,,/Assets/City Props Bundle/PREFABS/traffic_light_01_v2.prefab,30.48,30.48,30.48,3.204003921475516,168.0974
390779.548995190,5819992.505999417,52.51908475,13.39029834,s_Mast_LSA.10245,,2,45550033_45540002.01,PK_16012014_04086,0.0,,/Assets/City Props Bundle/PREFABS/traffic_light_01_v2.prefab,30.48,30.48,30.48,8.503478160359331,-5.0665
390798.480995195,5819991.967999419,52.51908371,13.39057742,s_Mast_LSA.10218,,2,45540002_45540001.01,PK_16012014_00276,0.0,,/Assets/City Props Bundle/PREFABS/traffic_light_01_v2.prefab,30.48,30.48,30.48,8.310836873839673,59.465
390889.036995222,5820094.529999418,52.52002353,13.39187781,s_Mast_LSA.10247,,2,45550033_45550034.01,PK_16012014_02978,0.0,,/Assets/City Props Bundle/PREFABS/traffic_light_01_v2.prefab,30.48,30.48,30.48,3.219590458117466,264.1294
390905.926995228,5820095.463999420,52.52003530,13.39212632,s_Mast_LSA.10234,,2,45550034_46550027.01,PK_16012014_03011,0.0,,/Assets/City Props Bundle/PREFABS/traffic_light_01_v2.prefab,30.48,30.48,30.48,3.708417151664053,264.9692
390899.635995227,5820003.774999421,52.51921007,13.39206373,s_Mast_LSA.10233,,2,45550034_45540001.01,PK_16012014_04342,0.0,,/Assets/City Props Bundle/PREFABS/traffic_light_01_v2.prefab,30.48,30.48,30.48,7.940775611621238,-15.8307
390916.623995232,5820001.544999421,52.51919343,13.39231473,s_Mast_LSA.10228,,2,45540001_46550004.01,PK_16012014_00231,0.0,,/Assets/City Props Bundle/PREFABS/traffic_light_01_v2.prefab,30.48,30.48,30.48,7.288864752873121,84.561
390921.905995234,5819985.520999420,52.51905049,13.39239780,s_Mast_LSA.10227,,2,45540001_45540068.01,PK_16012014_04304,0.0,,/Assets/City Props Bundle/PREFABS/traffic_light_01_v2.prefab,30.48,30.48,30.48,5.006427690271918,145.8086
391736.171995476,5820088.626999428,52.52013943,13.40435987,s_Mast_LSA.11435,,2,46550017_46550057.01,PK_04082014_08480,0.0,,/Assets/City Props Bundle/PREFABS/traffic_light_01_v2.prefab,30.48,30.48,30.48,7.407415685044501,-38.5482
391750.224995479,5820064.788999431,52.51992800,13.40457466,s_Mast_LSA.11433,,2,46540034_46550057.01,PK_04082014_04433,0.0,,/Assets/City Props Bundle/PREFABS/traffic_light_01_v2.prefab,30.48,30.48,30.48,7.217752691636370,229.4698
391762.029995484,5820049.826999427,52.51979588,13.40475345,s_Mast_LSA.11431,,2,46540034_46550057.01,PK_04082014_04435,0.0,,/Assets/City Props Bundle/PREFABS/traffic_light_01_v2.prefab,30.48,30.48,30.48,7.800611846608348,230.1559
391792.922995493,5820066.032999432,52.51994766,13.40520329,s_Mast_LSA.11326,,2,46550057_46540089.01,PK_16072014_07109,0.0,,/Assets/City Props Bundle/PREFABS/traffic_light_01_v2.prefab,30.48,30.48,30.48,1.667032175248194,49.2255
391777.338995487,5820108.431999429,52.52032559,13.40495990,s_Mast_LSA.11427,,2,46550057_47550029.01,PK_04082014_04681,0.0,,/Assets/City Props Bundle/PREFABS/traffic_light_01_v2.prefab,30.48,30.48,30.48,8.587247748703296,51.3628
391784.948995490,5820097.481999433,52.52022869,13.40507558,s_Mast_LSA.11429,,2,46550057_47550029.01,PK_04082014_04679,0.0,,/Assets/City Props Bundle/PREFABS/traffic_light_01_v2.prefab,30.48,30.48,30.48,4.729694943545646,231.1014
391779.576995488,5820055.719999430,52.51985233,13.40501003,s_Mast_LSA.11327,,2,46550057_46540089.01,PK_16072014_07108,0.0,,/Assets/City Props Bundle/PREFABS/traffic_light_01_v2.prefab,30.48,30.48,30.48,4.146941960433132,133.3737
392474.960995687,5820117.440999438,52.52054464,13.41523460,s_Mast_LSA.11329,,2,47550026_47550012.02,PK_16072014_03682,0.0,,/Assets/City Props Bundle/PREFABS/traffic_light_01_v2.prefab,30.48,30.48,30.48,6.672915680099989,212.7103
392485.984995690,5820128.589999439,52.52064701,13.41539341,s_Mast_LSA.11281,,2,47550012_47550013.02,PK_16072014_02160,0.0,,/Assets/City Props Bundle/PREFABS/traffic_light_01_v2.prefab,30.48,30.48,30.48,4.764643742350009,143.4984
392495.120995692,5820143.988999438,52.52078720,13.41552302,s_Mast_LSA.11287,,2,47550012_47550013.02,PK_16072014_02159,0.0,,/Assets/City Props Bundle/PREFABS/traffic_light_01_v2.prefab,30.48,30.48,30.48,8.180469502684488,144.2309
392483.479995689,5820167.825999440,52.52099912,13.41534381,s_Mast_LSA.11351,,2,47550057_47550058.01,PK_16072014_02364,0.0,,/Assets/City Props Bundle/PREFABS/traffic_light_01_v2.prefab,30.48,30.48,30.48,10.605409883837421,213.0879
392471.256995685,5820184.675999439,52.52114813,13.41515829,s_Mast_LSA.11354,,2,47550057_47550058.01,PK_16072014_02362,0.0,,/Assets/City Props Bundle/PREFABS/traffic_light_01_v2.prefab,30.48,30.48,30.48,8.974876018724348,33.9251
392983.226681405,5820064.280700315,52.52016695,13.42273973,s_Mast_LSA.11403,,1,47550035_48550004.01,PK_16072014_04617,0.0,,/Assets/City Props Bundle/PREFABS/traffic_light_01_v2.prefab,30.48,30.48,30.48,0.764286233260822,124.4427
392976.718995825,5820051.999999446,52.52005531,13.42264781,s_Mast_LSA.11403,,1,47550035_48550004.01,PK_16072014_04617,0.0,,/Assets/City Props Bundle/PREFABS/traffic_light_01_v2.prefab,30.48,30.48,30.48,6.596850937830792,116.6654
390670.139995156,5819965.107999414,52.51881659,13.38869556,s_Mast_LSA.10212,,2,45540004_45540003.01,PK_16012014_00385,0.0,,/Assets/City Props Bundle/PREFABS/traffic_light_01_v2.prefab,30.48,30.48,30.48,5.427460713194057,185.3672
390646.402995149,5819945.982999415,52.51863996,13.38835216,s_Mast_LSA.10203,,2,45540005_45540004.01,PK_16012014_00452,0.0,,/Assets/City Props Bundle/PREFABS/traffic_light_01_v2.prefab,30.48,30.48,30.48,7.016686279600305,266.0874
390664.242995155,5819789.253999416,52.51723508,13.38866652,s_Mast_LSA.10198,,2,45540034_45540033.01,PK_16012014_01070,0.0,,/Assets/City Props Bundle/PREFABS/traffic_light_01_v2.prefab,30.48,30.48,30.48,6.725900155960827,-5.0791
390779.476995190,5819956.528999417,52.51876142,13.39030910,s_Mast_LSA.10210,,2,45540004_45540003.01,PK_16012014_00387,0.0,,/Assets/City Props Bundle/PREFABS/traffic_light_01_v2.prefab,30.48,30.48,30.48,8.541315254785980,237.0903
391025.936995266,5819779.939999421,52.51722382,13.39399775,s_Mast_LSA.10121,,2,45540049_46540045.01,PK_25022015_13204,0.0,,/Assets/City Props Bundle/PREFABS/traffic_light_01_v2.prefab,30.48,30.48,30.48,5.389703732708362,265.6135
391024.643995267,5819791.713999419,52.51732937,13.39397484,s_Mast_LSA.10120,,2,45540049_46540045.01,PK_25022015_13205,0.0,,/Assets/City Props Bundle/PREFABS/traffic_light_01_v2.prefab,30.48,30.48,30.48,6.447442567967084,84.868
391094.476995287,5819785.774999420,52.51728995,13.39500551,s_Mast_LSA.10202,,2,46540045_46540042.01,PK_16012014_04453,0.0,,/Assets/City Props Bundle/PREFABS/traffic_light_01_v2.prefab,30.48,30.48,30.48,5.291051323599743,263.3545
391484.276995403,5819875.145999426,52.51817085,13.40071858,s_Mast_LSA.10255,,2,46540002_46540005.01,PK_16012014_04965,0.0,,/Assets/City Props Bundle/PREFABS/traffic_light_01_v2.prefab,30.48,30.48,30.48,5.383603946611495,59.761
392643.729995736,5819845.920999439,52.51813783,13.41780867,s_Mast_LSA.11282,,2,47540018_47540019.01,PK_16072014_01900,0.0,,/Assets/City Props Bundle/PREFABS/traffic_light_01_v2.prefab,30.48,30.48,30.48,3.951791172992762,165.0169
392662.037995740,5819847.599999439,52.51815653,13.41807783,s_Mast_LSA.11283,,2,47540019_47540052.01,PK_16072014_05605,0.0,,/Assets/City Props Bundle/PREFABS/traffic_light_01_v2.prefab,30.48,30.48,30.48,5.231863961920524,65.9282
392665.055995742,5819828.964999443,52.51798966,13.41812831,s_Mast_LSA.11279,,2,47540019_47540020.01,PK_16072014_01934,0.0,,/Assets/City Props Bundle/PREFABS/traffic_light_01_v2.prefab,30.48,30.48,30.48,8.319335092916960,167.6541
392636.716995734,5819819.543999439,52.51789941,13.41771387,s_Mast_LSA.11296,,2,47540026_47540019.01,PK_16072014_07557,0.0,,/Assets/City Props Bundle/PREFABS/traffic_light_01_v2.prefab,30.48,30.48,30.48,6.584989585414873,241.5074
393282.699995909,5819878.455999449,52.51855571,13.42721134,s_Mast_LSA.11405,,1,48550004_48540026.01,PK_16072014_04781,0.0,,/Assets/City Props Bundle/PREFABS/traffic_light_01_v2.prefab,30.48,30.48,30.48,9.219216227700148,-49.8885
393295.878995913,5819901.740999449,52.51876755,13.42739802,s_Mast_LSA.11406,,1,48550004_48540026.01,PK_16072014_04780,0.0,,/Assets/City Props Bundle/PREFABS/traffic_light_01_v2.prefab,30.48,30.48,30.48,14.317322212931826,24.4705
393352.307495929,5819805.680599451,52.51791532,13.42826014,s_Mast_LSA.1680,2,1,48540047_48540027.01,Pk_13.04.2015_1680,635.0,3,/Assets/City Props Bundle/PREFABS/traffic_light_01_v2.prefab,30.48,30.48,30.48,8.277795109652429,220.0274
393337.160495924,5819811.580999449,52.51796538,13.42803510,s_Mast_LSA.1679,2,1,48540047_48540042.02,Pk_13.04.2015_1679,320.0,1,/Assets/City Props Bundle/PREFABS/traffic_light_01_v2.prefab,30.48,30.48,30.48,7.562476723741981,30.185
393424.754095947,5819877.767299451,52.51857732,13.42930429,s_Mast_LSA.1571,2,1,48540027_48540040.01,Pk_16.04.2015_1571,630.0,3,/Assets/City Props Bundle/PREFABS/traffic_light_01_v2.prefab,30.48,30.48,30.48,6.756273641584248,126.9331
393354.221695928,5819937.804299450,52.51910306,13.42824595,s_Mast_LSA.1572,2,1,48540040_48540026.01,Pk_13.04.2015_1572,630.0,3,/Assets/City Props Bundle/PREFABS/traffic_light_01_v2.prefab,30.48,30.48,30.48,8.427355493157334,45.7178
390365.754995064,5819577.683999413,52.51527383,13.38433921,s_Mast_LSA.10148,,2,45540046_45540050.01,PK_18102013_01013,0.0,,/Assets/City Props Bundle/PREFABS/traffic_light_01_v2.prefab,30.48,30.48,30.48,7.088720240829365,265.0482
390478.585995098,5819771.691999416,52.51703998,13.38593736,s_Mast_LSA.10196,,1,45540058_45540033.01,PK_16012014_04653,0.0,,/Assets/City Props Bundle/PREFABS/traffic_light_01_v2.prefab,30.48,30.48,30.48,7.180445641350546,83.8601
390457.845995091,5819771.980999413,52.51703841,13.38563175,s_Mast_LSA.10124,,1,45540067_45540058.01,PK_18102013_03021,0.0,,/Assets/City Props Bundle/PREFABS/traffic_light_01_v2.prefab,30.48,30.48,30.48,7.364053420516935,-5.9025
390458.853995092,5819720.512999414,52.51657609,13.38566355,s_Mast_LSA.10122,,1,45540067_45540058.01,PK_18102013_03023,0.0,,/Assets/City Props Bundle/PREFABS/traffic_light_01_v2.prefab,30.48,30.48,30.48,9.245776324086277,264.2507
390477.063995098,5819719.317999412,52.51656901,13.38593219,s_Mast_LSA.10194,,2,45540058_45540051.01,PK_18102013_02022,0.0,,/Assets/City Props Bundle/PREFABS/traffic_light_01_v2.prefab,30.48,30.48,30.48,5.943225871217488,174.6749
390470.612995097,5819606.538999415,52.51555422,13.38587431,s_Mast_LSA.10192,,2,45540058_45540051.01,PK_18102013_02024,0.0,,/Assets/City Props Bundle/PREFABS/traffic_light_01_v2.prefab,30.48,30.48,30.48,11.003611831564781,-6.057
390491.421995104,5819584.328999415,52.51535881,13.38618816,s_Mast_LSA.10185,,2,45540051_45540053.01,PK_18102013_01978,0.0,,/Assets/City Props Bundle/PREFABS/traffic_light_01_v2.prefab,30.48,30.48,30.48,7.750652587131424,175.4596
390493.969995104,5819602.311999415,52.51552092,13.38621977,s_Mast_LSA.10191,,2,45540051_45540031.01,PK_18102013_01166,0.0,,/Assets/City Props Bundle/PREFABS/traffic_light_01_v2.prefab,30.48,30.48,30.48,6.528353282171127,86.0963
390468.352995096,5819586.888999415,52.51537718,13.38584750,s_Mast_LSA.10189,,2,45540050_45540051.01,PK_18102013_01071,0.0,,/Assets/City Props Bundle/PREFABS/traffic_light_01_v2.prefab,30.48,30.48,30.48,6.536358410832766,263.4628
391287.304995346,5819582.549999423,52.51550214,13.39791255,s_Mast_LSA.10387,,2,46540026_46540079.01,PK_22012014_10300,0.0,,/Assets/City Props Bundle/PREFABS/traffic_light_01_v2.prefab,30.48,30.48,30.48,4.556177001301144,-19.9293
391278.668995344,5819562.163999424,52.51531721,13.39779200,s_Mast_LSA.10425,,1,46540027_46540079.01,PK_22012014_11983,0.0,,/Assets/City Props Bundle/PREFABS/traffic_light_01_v2.prefab,30.48,30.48,30.48,6.950494083212409,253.7399
391296.470995350,5819561.521999425,52.51531499,13.39805444,s_Mast_LSA.10427,,1,46540079_46540094.01,PK_22012014_12089,0.0,,/Assets/City Props Bundle/PREFABS/traffic_light_01_v2.prefab,30.48,30.48,30.48,4.726439351369241,160.6904
391301.608995351,5819584.599999424,52.51552341,13.39812258,s_Mast_LSA.10388,,2,46540079_46540022.01,PK_22012014_11952,0.0,,/Assets/City Props Bundle/PREFABS/traffic_light_01_v2.prefab,30.48,30.48,30.48,7.035624503049489,71.2526
391585.150995434,5819670.801999426,52.51635455,13.40227124,s_Mast_LSA.10384,,2,46540001_46540003.01,PK_22012014_00073,0.0,,/Assets/City Props Bundle/PREFABS/traffic_light_01_v2.prefab,30.48,30.48,30.48,0.566253148718682,220.7335
391614.034995443,5819676.606999428,52.51641247,13.40269484,s_Mast_LSA.10374,,2,46540003_46540047.01,PK_22012014_05603,0.0,,/Assets/City Props Bundle/PREFABS/traffic_light_01_v2.prefab,30.48,30.48,30.48,8.543114864352484,137.7231
391610.101995441,5819695.227999426,52.51657902,13.40263083,s_Mast_LSA.10379,,2,46540003_46540004.01,PK_22012014_00113,0.0,,/Assets/City Props Bundle/PREFABS/traffic_light_01_v2.prefab,30.48,30.48,30.48,6.331410656990209,56.527
392057.944725810,5819740.499763713,52.51707474,13.40921333,s_Mast_LSA.11338,,1,47540032_47540031.01,PK_16072014_03529,0.0,,/Assets/City Props Bundle/PREFABS/traffic_light_01_v2.prefab,30.48,30.48,30.48,7.328444428459890,142.0951
392059.874995571,5819744.766999437,52.51711347,13.40924038,s_Mast_LSA.11337,,1,47540032_47540031.01,PK_16072014_03530,0.0,,/Assets/City Props Bundle/PREFABS/traffic_light_01_v2.prefab,30.48,30.48,30.48,9.296088945522342,215.3525
392049.134995568,5819759.386999431,52.51724273,13.40907742,s_Mast_LSA.11325,,1,47540032_47540031.01,PK_16072014_03533,0.0,,/Assets/City Props Bundle/PREFABS/traffic_light_01_v2.prefab,30.48,30.48,30.48,8.002587658118330,36.9585
392036.828737193,5819744.747467416,52.51710873,13.40890089,s_Mast_LSA.11325,,1,47540032_47540031.01,PK_16072014_03533,0.0,,/Assets/City Props Bundle/PREFABS/traffic_light_01_v2.prefab,30.48,30.48,30.48,6.784570422492950,-36.0434
392045.089995567,5819705.658999434,52.51675909,13.40903528,s_Mast_LSA.11315,,1,47540055_47540032.01,PK_16072014_06036,0.0,,/Assets/City Props Bundle/PREFABS/traffic_light_01_v2.prefab,30.48,30.48,30.48,8.478579663422879,37.8795
392056.539995571,5819691.256999433,52.51663194,13.40920863,s_Mast_LSA.11318,,1,47540055_47540032.01,PK_16072014_06033,0.0,,/Assets/City Props Bundle/PREFABS/traffic_light_01_v2.prefab,30.48,30.48,30.48,9.486680965035404,220.1489
392069.389995574,5819700.026999436,52.51671329,13.40939507,s_Mast_LSA.11321,,1,47540032_47540002.01,PK_16072014_05631,0.0,,/Assets/City Props Bundle/PREFABS/traffic_light_01_v2.prefab,30.48,30.48,30.48,5.898257046203813,139.8004
392078.676995577,5819711.421999433,52.51681754,13.40952818,s_Mast_LSA.11322,,1,47540032_47540002.01,PK_16072014_05630,0.0,,/Assets/City Props Bundle/PREFABS/traffic_light_01_v2.prefab,30.48,30.48,30.48,6.139068811950279,143.7629
392245.147995626,5819592.299999439,52.51577996,13.41201910,s_Mast_LSA.11306,,2,47540002_47540046.01,PK_16072014_07434,0.0,,/Assets/City Props Bundle/PREFABS/traffic_light_01_v2.prefab,30.48,30.48,30.48,10.739081749870653,-74.72
392271.504995633,5819579.775999436,52.51567262,13.41241142,s_Mast_LSA.11301,,2,47540046_47540047.01,PK_16072014_05328,0.0,,/Assets/City Props Bundle/PREFABS/traffic_light_01_v2.prefab,30.48,30.48,30.48,5.573763576003675,187.4797
392281.213995635,5819602.907999435,52.51588242,13.41254695,s_Mast_LSA.11299,,2,47540046_47540067.01,PK_16072014_07373,0.0,,/Assets/City Props Bundle/PREFABS/traffic_light_01_v2.prefab,30.48,30.48,30.48,8.772502325488681,105.2294
392256.972995629,5819614.953999434,52.51598588,13.41218595,s_Mast_LSA.11298,,1,47540045_47540046.01,PK_16072014_05229,0.0,,/Assets/City Props Bundle/PREFABS/traffic_light_01_v2.prefab,30.48,30.48,30.48,7.511597831698781,2.1366
392649.256995738,5819584.971999438,52.51579384,13.41797434,s_Mast_LSA.11276,,2,47540021_47540022.01,PK_16072014_02019,0.0,,/Assets/City Props Bundle/PREFABS/traffic_light_01_v2.prefab,30.48,30.48,30.48,6.875099751404560,2.8362
392663.323995743,5819581.253999442,52.51576320,13.41818276,s_Mast_LSA.11275,,2,47540021_47540022.01,PK_16072014_02020,0.0,,/Assets/City Props Bundle/PREFABS/traffic_light_01_v2.prefab,30.48,30.48,30.48,4.966132057680167,6.0098
392639.153995736,5819543.126999440,52.51541580,13.41783902,s_Mast_LSA.11302,,2,47540049_47540022.01,PK_16072014_07279,0.0,,/Assets/City Props Bundle/PREFABS/traffic_light_01_v2.prefab,30.48,30.48,30.48,8.836438014709545,-66.2231
392641.715995736,5819558.148999442,52.51555131,13.41787191,s_Mast_LSA.11303,,2,47540049_47540022.01,PK_16072014_07278,0.0,,/Assets/City Props Bundle/PREFABS/traffic_light_01_v2.prefab,30.48,30.48,30.48,6.006974958506138,110.3376
392663.721995743,5819528.249999441,52.51528695,13.41820573,s_Mast_LSA.11265,,2,47540022_47540016.01,PK_16072014_00979,0.0,,/Assets/City Props Bundle/PREFABS/traffic_light_01_v2.prefab,30.48,30.48,30.48,5.102085551637078,190.0934
392673.829995745,5819549.168999442,52.51547693,13.41834788,s_Mast_LSA.11270,,2,47540022_47540033.01,PK_16072014_03932,0.0,,/Assets/City Props Bundle/PREFABS/traffic_light_01_v2.prefab,30.48,30.48,30.48,6.106946601179641,-48.6282
390198.556995012,5819424.229999409,52.51386115,13.38192698,s_Mast_LSA.10361,,2,45540020_45540023.01,PK_22012014_01632,0.0,,/Assets/City Props Bundle/PREFABS/traffic_light_01_v2.prefab,30.48,30.48,30.48,4.964826592145832,162.6901
390221.252995019,5819444.965999411,52.51405206,13.38225445,s_Mast_LSA.10154,,2,45540023_45540052.01,PK_18102013_01390,0.0,,/Assets/City Props Bundle/PREFABS/traffic_light_01_v2.prefab,30.48,30.48,30.48,6.068163094732353,74.3661
390221.766995020,5819427.787999411,52.51389780,13.38226769,s_Mast_LSA.10151,,2,45540023_45540044.01,PK_18102013_00764,0.0,,/Assets/City Props Bundle/PREFABS/traffic_light_01_v2.prefab,30.48,30.48,30.48,8.207352169704910,164.0894
390198.551995013,5819443.012999412,52.51402994,13.38192070,s_Mast_LSA.10157,,2,45540046_45540023.01,PK_18102013_00813,0.0,,/Assets/City Props Bundle/PREFABS/traffic_light_01_v2.prefab,30.48,30.48,30.48,9.736568326332884,-16.0179
390484.263995102,5819506.729999413,52.51466002,13.38610827,s_Mast_LSA.10188,,2,45540051_45540053.01,PK_18102013_01975,0.0,,/Assets/City Props Bundle/PREFABS/traffic_light_01_v2.prefab,30.48,30.48,30.48,5.745385910195111,-4.3362
390482.595995101,5819488.615999415,52.51449690,13.38608967,s_Mast_LSA.10144,,2,45540052_45540053.01,PK_18102013_01446,0.0,,/Assets/City Props Bundle/PREFABS/traffic_light_01_v2.prefab,30.48,30.48,30.48,8.960208881617680,-5.7723
390499.106995106,5819487.191999415,52.51448742,13.38633335,s_Mast_LSA.10183,,2,45540053_45540057.01,PK_18102013_01948,0.0,,/Assets/City Props Bundle/PREFABS/traffic_light_01_v2.prefab,30.48,30.48,30.48,7.352202627329550,174.4579
390684.053995163,5819523.211999417,52.51484824,13.38904582,s_Mast_LSA.10163,,2,45540031_45540030.01,PK_18102013_00367,0.0,,/Assets/City Props Bundle/PREFABS/traffic_light_01_v2.prefab,30.48,30.48,30.48,8.320973540278736,-2.924
390682.911995163,5819504.678999414,52.51468146,13.38903509,s_Mast_LSA.10166,,2,45540053_45540030.01,PK_18102013_01613,0.0,,/Assets/City Props Bundle/PREFABS/traffic_light_01_v2.prefab,30.48,30.48,30.48,8.001512376624840,264.9936
390701.435995169,5819503.081999418,52.51467082,13.38930848,s_Mast_LSA.10179,,2,45540030_45540029.01,PK_18102013_00319,0.0,,/Assets/City Props Bundle/PREFABS/traffic_light_01_v2.prefab,30.48,30.48,30.48,7.602814801434428,176.4521
390703.243995170,5819521.599999416,52.51483760,13.38932902,s_Mast_LSA.10177,,2,45540030_45540014.01,PK_18102013_01673,0.0,,/Assets/City Props Bundle/PREFABS/traffic_light_01_v2.prefab,30.48,30.48,30.48,7.243066265427143,84.6266
390816.294995204,5819533.772999420,52.51496965,13.39099031,s_Mast_LSA.10174,,2,45540015_45540014.01,PK_18102013_00163,0.0,,/Assets/City Props Bundle/PREFABS/traffic_light_01_v2.prefab,30.48,30.48,30.48,6.849362404556875,-6.8914
390813.845995203,5819515.312999416,52.51480327,13.39096029,s_Mast_LSA.10182,,2,45540030_45540014.01,PK_18102013_01670,0.0,,/Assets/City Props Bundle/PREFABS/traffic_light_01_v2.prefab,30.48,30.48,30.48,7.496549987730289,266.0182
390828.007995208,5819512.810999419,52.51478362,13.39116973,s_Mast_LSA.10176,,2,45540014_45540013.01,PK_18102013_00116,0.0,,/Assets/City Props Bundle/PREFABS/traffic_light_01_v2.prefab,30.48,30.48,30.48,2.958500285717641,172.6767
390833.951995209,5819531.930999417,52.51495663,13.39125101,s_Mast_LSA.10172,,2,45540014_45540040.01,PK_18102013_01758,0.0,,/Assets/City Props Bundle/PREFABS/traffic_light_01_v2.prefab,30.48,30.48,30.48,7.480824569333180,85.635
391828.831995507,5819424.928999430,52.51419339,13.40594088,s_Mast_LSA.11312,,2,46540049_46540078.01,PK_16072014_06210,0.0,,/Assets/City Props Bundle/PREFABS/traffic_light_01_v2.prefab,30.48,30.48,30.48,8.931665893936412,41.785
391813.722995503,5819434.799999433,52.51427909,13.40571511,s_Mast_LSA.11313,,2,46540049_46540078.01,PK_16072014_06209,0.0,,/Assets/City Props Bundle/PREFABS/traffic_light_01_v2.prefab,30.48,30.48,30.48,8.720040553644488,41.5492
391797.667995498,5819421.843999431,52.51415948,13.40548283,s_Mast_LSA.10373,,2,46540048_46540049.01,PK_22012014_05700,0.0,,/Assets/City Props Bundle/PREFABS/traffic_light_01_v2.prefab,30.48,30.48,30.48,7.232771570259753,-37.5351
391816.163995503,5819385.757999432,52.51383885,13.40576702,s_Mast_LSA.10376,,2,46540052_46540049.02,PK_22012014_06060,0.0,,/Assets/City Props Bundle/PREFABS/traffic_light_01_v2.prefab,30.48,30.48,30.48,7.876798600822757,222.4438
391804.732995500,5819399.529999430,52.51396035,13.40559416,s_Mast_LSA.10377,,2,46540052_46540049.02,PK_22012014_06059,0.0,,/Assets/City Props Bundle/PREFABS/traffic_light_01_v2.prefab,30.48,30.48,30.48,7.901143934131102,221.518
391832.261995508,5819398.933999430,52.51396046,13.40599986,s_Mast_LSA.10276,,2,46540049_46540036.01,PK_22012014_12293,0.0,,/Assets/City Props Bundle/PREFABS/traffic_light_01_v2.prefab,30.48,30.48,30.48,6.156232569728165,141.9852
390271.444995036,5819257.947999412,52.51238152,13.38305548,s_Mast_LSA.10152,,2,45540023_45540044.01,PK_18102013_00763,0.0,,/Assets/City Props Bundle/PREFABS/traffic_light_01_v2.prefab,30.48,30.48,30.48,7.628134677671182,163.4211
390254.690995031,5819253.384999410,52.51233714,13.38281021,s_Mast_LSA.10150,,2,45540023_45540044.01,PK_18102013_00765,0.0,,/Assets/City Props Bundle/PREFABS/traffic_light_01_v2.prefab,30.48,30.48,30.48,9.732410256522741,-15.9759
390506.350995110,5819212.130999415,52.51201701,13.38653061,s_Mast_LSA.10145,,2,45540056_45540054.01,PK_18102013_01803,0.0,,/Assets/City Props Bundle/PREFABS/traffic_light_01_v2.prefab,30.48,30.48,30.48,6.755417696334627,86.6455
390519.521995114,5819213.089999414,52.51202827,13.38672430,s_Mast_LSA.10143,,2,45540056_45540054.01,PK_18102013_01804,0.0,,/Assets/City Props Bundle/PREFABS/traffic_light_01_v2.prefab,30.48,30.48,30.48,6.125233270537001,175.1916
390706.739995172,5819230.817999417,52.51222516,13.38947608,s_Mast_LSA.10159,,2,45540028_45540027.01,PK_18102013_00214,0.0,,/Assets/City Props Bundle/PREFABS/traffic_light_01_v2.prefab,30.48,30.48,30.48,8.120322764862632,-3.5881
390706.943995173,5819209.598999417,52.51203451,13.38948606,s_Mast_LSA.10168,,2,45540054_45540027.01,PK_18102013_02687,0.0,,/Assets/City Props Bundle/PREFABS/traffic_light_01_v2.prefab,30.48,30.48,30.48,3.328071431020731,265.031
390725.629995178,5819225.971999415,52.51218539,13.38975591,s_Mast_LSA.10169,,2,45540027_45540011.01,PK_18102013_02782,0.0,,/Assets/City Props Bundle/PREFABS/traffic_light_01_v2.prefab,30.48,30.48,30.48,3.208075323863960,86.5188
390724.048995178,5819205.852999418,52.51200427,13.38973924,s_Mast_LSA.10395,,2,45540027_45540026.01,PK_22012014_02304,0.0,,/Assets/City Props Bundle/PREFABS/traffic_light_01_v2.prefab,30.48,30.48,30.48,7.379588808447115,174.7628
393040.194995848,5819309.447999449,52.51339463,13.42382183,s_Mast_LSA.11266,,2,47540034_48540018.01,PK_16072014_04236,0.0,,/Assets/City Props Bundle/PREFABS/traffic_light_01_v2.prefab,30.48,30.48,30.48,10.172844544587550,-56.6192
393058.485795852,5819294.145699446,52.51326070,13.42409618,s_Mast_LSA.1063,2,2,48540018_48540011.01,Pk_13.04.2015_1063,750.0,2,/Assets/City Props Bundle/PREFABS/traffic_light_01_v2.prefab,30.48,30.48,30.48,9.992128444820221,211.5583
393076.907595857,5819334.982199447,52.51363130,13.42435440,s_Mast_LSA.1065,1,2,48540018_48540041.01,Pk_13.04.2015_1065,750.0,2,/Assets/City Props Bundle/PREFABS/traffic_light_01_v2.prefab,30.48,30.48,30.48,4.942738185901375,41.787
393088.000395861,5819319.918999447,52.51349811,13.42452264,s_Mast_LSA.1064,1,2,48540018_48540011.01,Pk_13.04.2015_1064,750.0,2,/Assets/City Props Bundle/PREFABS/traffic_light_01_v2.prefab,30.48,30.48,30.48,11.198338878855477,132.8478
393074.424495856,5819305.187699445,52.51336306,13.42432740,s_Mast_LSA.1062,1,2,48540018_48540011.01,Pk_17.04.2015_1062,750.0,2,/Assets/City Props Bundle/PREFABS/traffic_light_01_v2.prefab,30.48,30.48,30.48,7.606040829730393,131.8085
390329.194995057,5819003.591999413,52.51010734,13.38398998,s_Mast_LSA.10358,,2,45540043_45530010.01,PK_22012014_04410,0.0,,/Assets/City Props Bundle/PREFABS/traffic_light_01_v2.prefab,30.48,30.48,30.48,11.393305927503684,-15.389
390330.265995057,5818981.909999413,52.50991271,13.38401290,s_Mast_LSA.10333,,2,45530012_45530010.01,PK_22012014_08289,0.0,,/Assets/City Props Bundle/PREFABS/traffic_light_01_v2.prefab,30.48,30.48,30.48,8.850597762114518,264.1608
390353.990995065,5818980.790999413,52.50990743,13.38436271,s_Mast_LSA.10353,,2,45530010_45530009.01,PK_22012014_04348,0.0,,/Assets/City Props Bundle/PREFABS/traffic_light_01_v2.prefab,30.48,30.48,30.48,6.081299081761922,164.5898
390354.031995064,5819001.994999412,52.51009799,13.38435632,s_Mast_LSA.10357,,2,45530010_45540059.01,PK_22012014_08370,0.0,,/Assets/City Props Bundle/PREFABS/traffic_light_01_v2.prefab,30.48,30.48,30.48,9.138465089307951,85.7184
390721.783995179,5819036.725999416,52.51048394,13.38976144,s_Mast_LSA.10391,,2,45540026_45540025.01,PK_22012014_02262,0.0,,/Assets/City Props Bundle/PREFABS/traffic_light_01_v2.prefab,30.48,30.48,30.48,4.065666716099257,-6.6007
390716.467995177,5819011.757999416,52.51025850,13.38969135,s_Mast_LSA.10343,,2,45540059_45540025.01,PK_22012014_08415,0.0,,/Assets/City Props Bundle/PREFABS/traffic_light_01_v2.prefab,30.48,30.48,30.48,8.683273411089527,265.6038
390739.338995184,5819010.445999417,52.51025129,13.39002864,s_Mast_LSA.10337,,2,45540025_45530008.01,PK_22012014_02119,0.0,,/Assets/City Props Bundle/PREFABS/traffic_light_01_v2.prefab,30.48,30.48,30.48,7.503457901664107,175.5534
390742.871995185,5819032.501999418,52.51045021,13.39007343,s_Mast_LSA.10345,,2,45540025_45540009.02,PK_22012014_08822,0.0,,/Assets/City Props Bundle/PREFABS/traffic_light_01_v2.prefab,30.48,30.48,30.48,9.004946709498531,176.1276
390854.179995219,5819045.585999418,52.51059008,13.39170858,s_Mast_LSA.10396,,2,45540010_45540009.02,PK_22012014_00518,0.0,,/Assets/City Props Bundle/PREFABS/traffic_light_01_v2.prefab,30.48,30.48,30.48,6.837228510388543,-3.9023
390850.777995218,5819022.726999419,52.51038398,13.39166598,s_Mast_LSA.10347,,2,45540025_45540009.02,PK_22012014_08820,0.0,,/Assets/City Props Bundle/PREFABS/traffic_light_01_v2.prefab,30.48,30.48,30.48,7.826483559692642,265.356
390868.937995224,5819019.117999421,52.51035518,13.39193464,s_Mast_LSA.10371,,2,45540009_45530003.02,PK_22012014_00575,0.0,,/Assets/City Props Bundle/PREFABS/traffic_light_01_v2.prefab,30.48,30.48,30.48,5.692682494739862,175.0716
390873.819995225,5819033.389999419,52.51048441,13.39200186,s_Mast_LSA.10403,,2,45540009_45540036.02,PK_22012014_08771,0.0,,/Assets/City Props Bundle/PREFABS/traffic_light_01_v2.prefab,30.48,30.48,30.48,0.795929218043530,73.5727
390872.409995225,5819048.355999419,52.51061863,13.39197618,s_Mast_LSA.10404,,2,45540009_45540036.02,PK_22012014_08770,0.0,,/Assets/City Props Bundle/PREFABS/traffic_light_01_v2.prefab,30.48,30.48,30.48,8.442296062485083,76.6695
390971.879165128,5819039.904761048,52.51056258,13.39344403,s_Mast_LSA.10400,,1,45540009_45540036.02,PK_22012014_08774,0.0,,/Assets/City Props Bundle/PREFABS/traffic_light_01_v2.prefab,30.48,30.48,30.48,8.290325889233559,267.8089
390980.677995258,5819082.121999418,52.51094373,13.39355979,s_Mast_LSA.10405,,1,45540035_45540036.01,PK_22012014_03120,0.0,,/Assets/City Props Bundle/PREFABS/traffic_light_01_v2.prefab,30.48,30.48,30.48,9.429493823336577,-5.3791
391011.227995267,5819076.162999420,52.51089629,13.39401172,s_Mast_LSA.10409,,1,45540036_46540067.01,PK_22012014_08519,0.0,,/Assets/City Props Bundle/PREFABS/traffic_light_01_v2.prefab,30.48,30.48,30.48,9.917344126602647,86.3816
391012.665995267,5819059.052999420,52.51074281,13.39403850,s_Mast_LSA.10410,,1,45540036_46540067.01,PK_22012014_08518,0.0,,/Assets/City Props Bundle/PREFABS/traffic_light_01_v2.prefab,30.48,30.48,30.48,7.253540181285937,265.9824
391300.196995353,5819081.514999424,52.51100208,13.39826622,s_Mast_LSA.10415,,2,46540069_46540101.01,PK_22012014_08660,0.0,,/Assets/City Props Bundle/PREFABS/traffic_light_01_v2.prefab,30.48,30.48,30.48,6.218955003724173,266.4209
391515.217995418,5819086.603999425,52.51109064,13.40143163,s_Mast_LSA.10411,,2,46530009_46540101.01,PK_22012014_01172,0.0,,/Assets/City Props Bundle/PREFABS/traffic_light_01_v2.prefab,30.48,30.48,30.48,6.442119366926924,173.5038
391485.682995408,5819082.561999427,52.51104844,13.40099793,s_Mast_LSA.10413,,2,46540069_46540101.01,PK_22012014_08662,0.0,,/Assets/City Props Bundle/PREFABS/traffic_light_01_v2.prefab,30.48,30.48,30.48,10.592770542579418,254.4013
391482.966995408,5819099.752999426,52.51120239,13.40095231,s_Mast_LSA.10416,,2,46540069_46540101.01,PK_22012014_08659,0.0,,/Assets/City Props Bundle/PREFABS/traffic_light_01_v2.prefab,30.48,30.48,30.48,6.737045226835962,78.5138
391502.584995413,5819123.931999427,52.51142358,13.40123338,s_Mast_LSA.10422,,2,46540101_46540046.01,PK_22012014_08705,0.0,,/Assets/City Props Bundle/PREFABS/traffic_light_01_v2.prefab,30.48,30.48,30.48,6.520381998928830,72.4792
392087.558995584,5819028.310999434,52.51068038,13.40988069,s_Mast_LSA.10279,,2,47540060_47540001.01,PK_22012014_10105,0.0,,/Assets/City Props Bundle/PREFABS/traffic_light_01_v2.prefab,30.48,30.48,30.48,8.123071960416693,-29.3221
392093.026995585,5819013.252999434,52.51054614,13.40996611,s_Mast_LSA.10368,,2,46530004_47540001.01,PK_22012014_00371,0.0,,/Assets/City Props Bundle/PREFABS/traffic_light_01_v2.prefab,30.48,30.48,30.48,4.660111380243712,-88.3691
392122.137995594,5818999.602999437,52.51042923,13.41039932,s_Mast_LSA.10292,,2,47540001_47530007.01,PK_22012014_05050,0.0,,/Assets/City Props Bundle/PREFABS/traffic_light_01_v2.prefab,30.48,30.48,30.48,5.911605064537124,145.2237
392110.786995590,5819021.858999432,52.51062699,13.41022491,s_Mast_LSA.10291,,2,47540001_47540058.01,PK_22012014_10060,0.0,,/Assets/City Props Bundle/PREFABS/traffic_light_01_v2.prefab,30.48,30.48,30.48,5.879030275516238,102.5395
392514.369995704,5819055.004999440,52.51100459,13.41615862,s_Mast_LSA.10285,,1,47540009_47540008.01,PK_22012014_02696,0.0,,/Assets/City Props Bundle/PREFABS/traffic_light_01_v2.prefab,30.48,30.48,30.48,8.780736220541907,-63.6101
392540.034995711,5819085.549999439,52.51128415,13.41652678,s_Mast_LSA.10283,,1,47540008_47540025.01,PK_22012014_05755,0.0,,/Assets/City Props Bundle/PREFABS/traffic_light_01_v2.prefab,30.48,30.48,30.48,4.906037442392924,18.2765
392552.410995715,5819053.721999439,52.51100056,13.41671935,s_Mast_LSA.10280,,1,47540008_47540007.01,PK_22012014_02657,0.0,,/Assets/City Props Bundle/PREFABS/traffic_light_01_v2.prefab,30.48,30.48,30.48,6.260796085740641,114.0246
392537.963995711,5819039.978999440,52.51087420,13.41651100,s_Mast_LSA.10287,,1,47530015_47540008.01,PK_22012014_06308,0.0,,/Assets/City Props Bundle/PREFABS/traffic_light_01_v2.prefab,30.48,30.48,30.48,9.163840243008442,206.2571
390544.666995124,5819021.163999415,52.51030856,13.38715783,s_Mast_LSA.10390,,2,45540055_45540059.01,PK_22012014_09364,0.0,,/Assets/City Props Bundle/PREFABS/traffic_light_01_v2.prefab,30.48,30.48,30.48,7.778030659946658,-27.6038
390575.877995133,5818995.681999416,52.51008583,13.38762591,s_Mast_LSA.10339,,2,45540059_45530011.01,PK_22012014_09296,0.0,,/Assets/City Props Bundle/PREFABS/traffic_light_01_v2.prefab,30.48,30.48,30.48,7.157656689050898,150.4916
390568.048995131,5819015.591999413,52.51026318,13.38750405,s_Mast_LSA.10341,,2,45540059_45540025.01,PK_22012014_08417,0.0,,/Assets/City Props Bundle/PREFABS/traffic_light_01_v2.prefab,30.48,30.48,30.48,5.599727298570893,85.7311
390552.349995126,5818998.927999415,52.51011027,13.38727831,s_Mast_LSA.10355,,2,45530010_45540059.01,PK_22012014_08372,0.0,,/Assets/City Props Bundle/PREFABS/traffic_light_01_v2.prefab,30.48,30.48,30.48,9.863465383155923,265.3997
392849.820995798,5818923.850999444,52.50989198,13.42114183,s_Mast_LSA.10264,,1,47530009_47540072.01,PK_22012014_09801,0.0,,/Assets/City Props Bundle/PREFABS/traffic_light_01_v2.prefab,30.48,30.48,30.48,6.985527544248428,25.5356
392853.431995799,5818896.777999444,52.50964939,13.42120373,s_Mast_LSA.10261,,1,47530020_47530009.01,PK_22012014_09700,0.0,,/Assets/City Props Bundle/PREFABS/traffic_light_01_v2.prefab,30.48,30.48,30.48,7.762353468251727,204.683
392838.411995794,5818907.185999444,52.50973997,13.42097915,s_Mast_LSA.10262,,1,47540007_47530009.01,PK_22012014_02613,0.0,,/Assets/City Props Bundle/PREFABS/traffic_light_01_v2.prefab,30.48,30.48,30.48,8.881373881556589,-66.1514
392864.048995801,5818914.315999444,52.50980908,13.42135446,s_Mast_LSA.10267,,1,47530009_48530001.01,PK_22012014_02534,0.0,,/Assets/City Props Bundle/PREFABS/traffic_light_01_v2.prefab,30.48,30.48,30.48,8.435758512132516,113.9813
393445.635495958,5818943.832299451,52.51018832,13.42991116,s_Mast_LSA.1061,1,1,48540010_48530018.01,Pk_13.04.2015_1061,570.0,3,/Assets/City Props Bundle/PREFABS/traffic_light_01_v2.prefab,30.48,30.48,30.48,7.707045992993820,-56.6625
393449.401495958,5818959.594299449,52.51033071,13.42996158,s_Mast_LSA.1067,2,2,48540010_48530018.01,Pk_17.04.2015_1067,570.0,3,/Assets/City Props Bundle/PREFABS/traffic_light_01_v2.prefab,30.48,30.48,30.48,7.358991878952156,125.4487
393453.680495960,5818956.456899451,52.51030335,13.43002561,s_Mast_LSA.971,2,1,48540010_48530018.01,Pk_17.04.2015_971,560.0,3,/Assets/City Props Bundle/PREFABS/traffic_light_01_v2.prefab,30.48,30.48,30.48,7.261898830021130,124.031
393460.895195963,5818926.453999451,52.51003513,13.43014149,s_Mast_LSA.976,2,1,48530021_48530018.01,Pk_13.04.2015_976,560.0,3,/Assets/City Props Bundle/PREFABS/traffic_light_01_v2.prefab,30.48,30.48,30.48,8.073335255050697,202.2648
393461.312995962,5818992.762999452,52.51063112,13.43012640,s_Mast_LSA.958,1,1,48540010_48530018.01,Pk_13.04.2015_958,484.0,1,/Assets/City Props Bundle/PREFABS/traffic_light_01_v2.prefab,30.48,30.48,30.48,9.767707588307141,124.9038
392587.204995719,5819976.035999442,52.51929601,13.41693392,s_Mast_LSA.11289,,1,47550013_47540018.01,PK_16072014_01809,0.0,,/Assets/City Props Bundle/PREFABS/traffic_light_01_v2.prefab,30.48,30.48,30.48,4.731534994750506,152.0187
392454.709995681,5820091.047999437,52.52030346,13.41494480,s_Mast_LSA.11330,,1,47550026_47550012.02,PK_16072014_03681,0.0,,/Assets/City Props Bundle/PREFABS/traffic_light_01_v2.prefab,30.48,30.48,30.48,5.585040193816530,222.5662
